0,1,2,3,4,5,6,7,8,9,10,11,12,13,14,15,16,17,18,19,20,21,22,23,年,月,日,満潮時刻,満潮潮位,満潮時刻,満潮潮位,満潮時刻,満潮潮位,満潮時刻,満潮潮位,干潮時刻,干潮潮位,干潮時刻,干潮潮位,干潮時刻,干潮潮位,干潮時刻,干潮潮位
 92, 87, 81, 77, 77, 81, 90,101,114,124,130,129,122,110, 94, 77, 61, 50, 46, 49, 57, 68, 80, 89,23, 1, 1,1025,130,"","","","","","", 337, 77,18 5, 46,"","","",""
 94, 97, 96, 94, 91, 91, 95,103,113,123,131,134,132,123,108, 89, 68, 49, 37, 32, 36, 46, 61, 76,23, 1, 2, 118, 97,11 6,134,"","","","", 429, 91,19 3, 32,"","","",""
 90,100,106,107,104,102,101,103,109,117,126,133,136,133,122,105, 82, 58, 38, 25, 21, 27, 41, 60,23, 1, 3, 244,107,1159,136,"","","","", 549,101,1952, 21,"","","",""
 79, 96,109,115,115,112,107,105,106,111,119,129,136,138,133,120, 99, 73, 47, 26, 14, 13, 23, 41,23, 1, 4, 332,116,1253,138,"","","","", 711,105,2035, 12,"","","",""
 64, 87,106,118,122,120,114,108,105,106,112,121,131,139,140,133,116, 91, 62, 35, 15,  6,  9, 23,23, 1, 5, 4 8,122,1341,141,"","","","", 817,105,2115,  5,"","","",""
 46, 72, 96,114,124,125,120,112,106,102,105,112,124,135,142,141,130,109, 80, 50, 23,  6,  1,  9,23, 1, 6, 439,126,1425,143,"","","","", 9 6,102,2152,  1,"","","",""
 29, 55, 83,106,121,127,124,116,107,100, 99,104,114,128,139,145,140,124, 99, 68, 38, 14,  0,  1,23, 1, 7, 5 9,127,15 4,145,"","","","", 946, 99,2228, -1,"","","",""
 15, 39, 67, 94,114,124,125,119,110,100, 95, 96,104,118,132,143,144,135,115, 87, 55, 27,  7,  0,23, 1, 8, 537,126,1541,145,"","","","",1020, 94,23 2,  0,"","","",""
  6, 25, 52, 80,103,119,125,121,112,101, 93, 90, 95,107,122,136,143,140,126,103, 74, 44, 20,  5,23, 1, 9, 6 4,125,1616,143,"","","","",1053, 90,2334,  3,"","","",""
  4, 17, 39, 66, 92,112,122,122,115,104, 93, 87, 87, 95,109,124,136,139,132,115, 90, 61, 36, 17,23, 1,10, 631,123,1651,139,"","","","",1126, 86,"","","","","",""
  9, 15, 32, 56, 82,104,118,123,118,108, 96, 86, 82, 86, 96,110,124,132,131,121,102, 77, 53, 32,23, 1,11, 657,123,1727,133,"","","","", 0 5,  9,12 1, 82,"","","",""
 20, 19, 30, 50, 74, 97,114,122,121,113,100, 88, 80, 79, 84, 96,109,119,124,120,108, 90, 69, 49,23, 1,12, 722,123,18 6,124,"","","","", 034, 18,1241, 78,"","","",""
 35, 29, 34, 48, 68, 90,109,121,124,118,106, 93, 81, 75, 75, 82, 92,103,111,114,109, 98, 82, 66,23, 1,13, 748,124,1852,114,"","","","", 1 3, 29,1327, 74,"","","",""
 52, 44, 44, 52, 67, 86,104,118,125,123,113,100, 86, 75, 69, 70, 75, 84, 94,101,103,100, 92, 81,23, 1,14, 814,125,1954,103,"","","","", 132, 43,1425, 69,"","","",""
 70, 61, 58, 61, 70, 84,101,115,125,126,120,108, 94, 79, 68, 62, 61, 66, 73, 82, 90, 94, 94, 91,23, 1,15, 842,127,2132, 94,"","","","", 2 4, 58,1537, 61,"","","",""
 85, 80, 75, 75, 79, 87, 99,112,123,128,126,117,104, 88, 73, 60, 52, 49, 52, 59, 69, 79, 87, 93,23, 1,16, 914,128,"","","","","","", 241, 74,1657, 49,"","","",""
 95, 95, 93, 91, 91, 94,101,110,120,127,130,126,117,102, 84, 66, 50, 39, 34, 36, 44, 57, 71, 85,23, 1,17, 024, 95, 955,130,"","","","", 336, 91,1812, 34,"","","",""
 96,104,107,107,106,104,105,110,117,125,131,133,129,118,102, 81, 59, 39, 24, 17, 19, 30, 46, 66,23, 1,18, 230,108,1050,133,"","","","", 5 7,104,1916, 17,"","","",""
 85,102,114,119,119,116,112,112,114,120,128,134,137,133,122,103, 78, 51, 27,  9,  1,  4, 18, 39,23, 1,19, 328,120,1159,137,"","","","", 647,111,2013,  1,"","","",""
 64, 89,110,123,128,126,120,115,112,114,121,130,139,144,140,127,104, 75, 43, 15, -4,-12, -7, 11,23, 1,20, 410,128,13 8,144,"","","","", 8 7,112,21 5,-12,"","","",""
 37, 67, 95,117,129,132,127,119,111,108,111,120,133,145,151,147,131,104, 70, 35,  5,-14,-20,-11,23, 1,21, 448,132,14 9,151,"","","","", 9 4,108,2153,-20,"","","",""
 11, 41, 74,103,123,132,131,123,112,103,100,105,118,135,149,156,150,132,102, 65, 29, -1,-18,-21,23, 1,22, 522,133,15 5,156,"","","","", 951,100,2238,-22,"","","",""
 -7, 19, 52, 84,111,127,131,125,113,100, 91, 90,100,116,136,151,157,149,128, 96, 59, 24, -2,-15,23, 1,23, 552,131,1557,157,"","","","",1034, 89,2318,-16,"","","",""
-12,  6, 35, 67, 97,119,129,127,116,101, 86, 78, 81, 94,113,134,149,152,142,120, 88, 54, 23,  3,23, 1,24, 620,130,1647,153,"","","","",1116, 78,2355, -4,"","","",""
 -4,  5, 27, 56, 86,111,125,128,120,105, 87, 73, 67, 73, 88,109,128,141,142,131,109, 80, 51, 27,23, 1,25, 644,129,1736,143,"","","","",12 0, 67,"","","","","",""
 14, 15, 29, 52, 79,104,122,130,125,112, 93, 74, 62, 59, 66, 82,101,119,128,128,116, 97, 74, 52,23, 1,26, 7 7,130,1827,130,"","","","", 027, 13,1246, 58,"","","",""
 37, 32, 38, 55, 77,101,120,130,130,120,103, 83, 65, 54, 53, 61, 75, 92,106,113,112,102, 88, 72,23, 1,27, 728,132,1920,114,"","","","", 055, 32,1337, 52,"","","",""
 58, 51, 53, 63, 80,100,118,130,134,128,114, 95, 76, 59, 50, 49, 56, 67, 81, 92, 98, 98, 92, 83,23, 1,28, 751,134,2025, 99,"","","","", 119, 51,1437, 48,"","","",""
 75, 69, 68, 74, 85,100,116,128,134,133,123,108, 90, 72, 57, 48, 45, 50, 59, 70, 79, 86, 88, 87,23, 1,29, 818,135,2210, 88,"","","","", 138, 68,1549, 45,"","","",""
 85, 83, 82, 85, 92,102,113,124,131,133,129,119,105, 88, 71, 56, 45, 41, 43, 49, 59, 69, 78, 84,23, 1,30, 849,133,"","","","","","", 144, 82,1712, 41,"","","",""
 89, 92, 94, 96, 99,104,111,118,125,129,129,125,116,104, 88, 71, 54, 42, 35, 35, 41, 51, 63, 76,23, 1,31, 934,130,"","","","","","",1831, 34,"","","","","",""
 87, 95,101,105,106,107,109,113,117,122,125,126,124,117,105, 89, 69, 50, 35, 27, 26, 33, 46, 62,23, 2, 1,1050,126,"","","","","","",1935, 26,"","","","","",""
 79, 94,105,111,113,112,110,109,109,113,117,122,126,125,119,106, 88, 65, 43, 27, 18, 19, 29, 46,23, 2, 2, 359,113,1225,126,"","","","", 7 5,109,2025, 17,"","","",""
 66, 86,103,114,118,116,112,107,103,103,108,115,123,129,129,122,106, 83, 57, 34, 17, 10, 14, 29,23, 2, 3, 411,118,1334,130,"","","","", 828,103,21 6, 10,"","","",""
 51, 75, 97,112,120,120,115,106, 99, 96, 98,105,116,127,134,133,122,102, 75, 47, 23,  8,  5, 15,23, 2, 4, 430,121,1424,135,"","","","", 911, 96,2143,  4,"","","",""
 35, 61, 86,107,119,122,118,108, 97, 90, 88, 94,106,120,133,139,134,118, 93, 63, 35, 13,  2,  5,23, 2, 5, 450,123,15 6,139,"","","","", 944, 88,2216,  1,"","","",""
 21, 46, 74, 99,116,123,120,110, 98, 86, 81, 83, 94,110,126,138,140,131,110, 81, 51, 24,  6,  2,23, 2, 6, 510,123,1543,141,"","","","",1014, 80,2246,  2,"","","",""
 13, 35, 63, 90,111,123,123,114,100, 85, 75, 73, 81, 96,115,131,140,137,123, 98, 68, 39, 17,  6,23, 2, 7, 530,124,1619,140,"","","","",1044, 73,2315,  6,"","","",""
 10, 27, 53, 81,106,121,125,118,104, 87, 73, 66, 69, 81, 99,119,133,137,130,111, 85, 57, 32, 16,23, 2, 8, 550,125,1654,137,"","","","",1114, 66,2341, 13,"","","",""
 14, 25, 47, 74,100,119,127,123,110, 91, 74, 62, 59, 67, 83,102,120,130,130,119, 99, 73, 49, 31,23, 2, 9, 6 9,127,1731,132,"","","","",1146, 59,"","","","","",""
 23, 29, 45, 69, 95,116,127,127,116, 98, 78, 62, 54, 56, 67, 84,103,118,124,121,107, 88, 66, 48,23, 2,10, 629,129,1810,124,"","","","", 0 6, 23,1219, 53,"","","",""
 38, 38, 49, 68, 91,112,127,130,122,106, 85, 66, 53, 48, 54, 67, 84,100,112,115,110, 97, 81, 65,23, 2,11, 648,130,1854,115,"","","","", 030, 36,1257, 48,"","","",""
 54, 51, 57, 71, 90,109,125,132,128,114, 95, 74, 57, 46, 45, 52, 64, 80, 93,102,105,100, 91, 80,23, 2,12, 7 9,132,1949,105,"","","","", 053, 51,1340, 44,"","","",""
 71, 67, 68, 77, 91,108,122,131,131,122,106, 86, 66, 51, 43, 42, 48, 59, 71, 83, 91, 95, 94, 90,23, 2,13, 731,132,2113, 95,"","","","", 114, 66,1436, 41,"","","",""
 85, 82, 82, 87, 96,107,119,129,132,128,116, 99, 80, 63, 48, 40, 37, 41, 49, 59, 71, 80, 87, 91,23, 2,14, 757,132,"","","","","","", 129, 82,1554, 37,"","","",""
 94, 95, 96, 98,103,109,117,125,130,130,124,113, 98, 81, 63, 48, 36, 30, 30, 35, 45, 57, 71, 83,23, 2,15, 833,130,"","","","","","",1732, 29,"","","","","",""
 93,102,107,110,111,113,116,120,124,127,128,124,115,102, 85, 66, 47, 31, 20, 16, 20, 31, 47, 65,23, 2,16, 936,128,"","","","","","",19 0, 16,"","","","","",""
 83, 99,111,118,119,117,115,115,116,120,124,128,127,122,111, 93, 70, 45, 24,  9,  3,  7, 20, 41,23, 2,17, 350,119,1130,128,"","","","", 652,115,20 7,  3,"","","",""
 65, 89,108,120,125,122,116,110,107,108,113,122,130,135,132,120, 99, 71, 42, 16, -2, -8, -1, 17,23, 2,18, 4 5,125,13 9,135,"","","","", 818,106,21 0, -8,"","","",""
 43, 72, 98,117,126,126,118,107, 98, 94, 97,107,122,136,143,141,127,102, 70, 36,  9, -9,-12, -1,23, 2,19, 426,127,1419,144,"","","","", 9 6, 94,2144,-13,"","","",""
 22, 53, 84,109,125,128,121,107, 92, 81, 79, 86,103,123,141,150,146,129,100, 65, 31,  5, -9, -7,23, 2,20, 448,128,1515,150,"","","","", 946, 79,2223,-10,"","","",""
 10, 38, 70, 99,120,129,125,110, 91, 74, 64, 65, 78,100,124,143,151,145,125, 94, 60, 28,  7, -1,23, 2,21, 5 9,129,16 5,151,"","","","",1024, 63,2258, -1,"","","",""
  8, 30, 60, 91,116,129,129,116, 96, 73, 55, 48, 54, 73, 98,123,141,147,138,116, 86, 55, 29, 15,23, 2,22, 529,131,1653,147,"","","","",11 3, 48,2328, 14,"","","",""
 16, 31, 56, 85,112,129,133,124,104, 79, 55, 40, 37, 48, 70, 96,120,135,137,126,104, 78, 53, 36,23, 2,23, 548,133,1739,138,"","","","",1142, 36,2354, 31,"","","",""
 31, 39, 58, 83,109,128,136,131,115, 90, 64, 42, 30, 32, 46, 69, 93,113,124,123,111, 93, 73, 56,23, 2,24, 6 7,137,1825,125,"","","","",1222, 30,"","","","","",""
 48, 51, 64, 85,107,127,138,137,125,103, 77, 53, 35, 28, 32, 47, 68, 88,104,111,109, 99, 85, 72,23, 2,25, 627,139,1914,111,"","","","", 016, 48,13 5, 27,"","","",""
 64, 64, 72, 88,106,124,136,139,132,115, 92, 68, 47, 34, 30, 36, 49, 66, 82, 93, 98, 96, 90, 83,23, 2,26, 648,140,2010, 98,"","","","", 033, 63,1353, 30,"","","",""
 77, 76, 81, 91,105,120,132,137,134,123,105, 85, 65, 48, 37, 35, 39, 49, 62, 74, 83, 87, 88, 87,23, 2,27, 710,137,2142, 88,"","","","", 044, 76,1451, 35,"","","",""
 85, 86, 89, 95,105,115,125,131,131,125,114, 99, 82, 66, 52, 43, 39, 41, 47, 56, 66, 74, 81, 85,23, 2,28, 735,132,"","","","","","", 025, 85,1611, 39,"","","",""
 89, 92, 96,100,105,111,117,122,124,122,117,108, 97, 84, 71, 57, 47, 40, 38, 41, 49, 59, 69, 79,23, 3, 1, 8 6,124,"","","","","","",1749, 38,"","","","","",""
 88, 96,101,105,107,109,110,112,114,115,114,112,108,100, 89, 76, 60, 46, 36, 32, 34, 42, 55, 69,23, 3, 2, 920,115,"","","","","","",19 9, 32,"","","","","",""
 83, 96,105,109,110,108,106,104,103,105,107,111,113,112,106, 94, 78, 59, 41, 29, 24, 28, 39, 56,23, 3, 3, 344,110,1214,113,"","","","", 750,103,20 5, 24,"","","",""
 74, 91,105,112,114,110,104, 98, 94, 94, 97,105,112,118,118,111, 96, 75, 53, 33, 20, 17, 25, 41,23, 3, 4, 344,114,1333,119,"","","","", 834, 93,2046, 17,"","","",""
 62, 84,102,114,117,113,104, 94, 86, 83, 86, 94,107,118,125,124,113, 93, 68, 43, 23, 13, 15, 28,23, 3, 5, 356,117,1423,126,"","","","", 9 3, 83,2121, 12,"","","",""
 50, 75, 97,113,120,117,107, 93, 81, 73, 73, 81, 96,113,126,132,127,111, 86, 58, 33, 16, 11, 19,23, 3, 6, 410,120,15 4,132,"","","","", 930, 72,2152, 11,"","","",""
 39, 65, 91,111,121,121,110, 95, 78, 65, 61, 67, 81,101,120,133,135,125,104, 76, 48, 25, 14, 16,23, 3, 7, 426,122,1541,136,"","","","", 957, 61,2220, 13,"","","",""
 32, 56, 84,107,122,125,116, 98, 79, 61, 51, 52, 65, 85,108,126,136,133,118, 93, 65, 40, 23, 19,23, 3, 8, 442,125,1617,137,"","","","",1025, 50,2247, 19,"","","",""
 29, 51, 78,104,122,128,122,105, 82, 61, 45, 41, 48, 67, 90,114,130,135,127,108, 83, 57, 37, 28,23, 3, 9, 459,128,1654,135,"","","","",1053, 40,2312, 28,"","","",""
 32, 49, 74,100,121,131,128,113, 89, 65, 44, 33, 35, 48, 71, 96,117,129,130,118, 98, 75, 54, 41,23, 3,10, 517,131,1732,131,"","","","",1123, 32,2336, 39,"","","",""
 40, 51, 72, 97,119,132,133,121, 99, 72, 48, 31, 26, 33, 52, 75, 99,117,124,121,108, 90, 71, 57,23, 3,11, 534,134,1812,125,"","","","",1154, 26,2358, 52,"","","",""
 52, 58, 74, 95,116,131,136,128,109, 83, 57, 35, 24, 24, 36, 55, 78, 98,112,116,111, 99, 85, 73,23, 3,12, 553,136,1856,116,"","","","",1228, 22,"","","","","",""
 66, 68, 78, 95,113,129,136,133,118, 96, 70, 46, 29, 22, 26, 38, 57, 76, 93,103,106,102, 94, 86,23, 3,13, 613,137,1952,106,"","","","", 019, 66,13 8, 22,"","","",""
 80, 80, 86, 97,112,125,134,135,126,108, 85, 61, 41, 28, 24, 28, 39, 54, 70, 83, 92, 95, 95, 93,23, 3,14, 635,136,2125, 96,"","","","", 035, 79,1359, 24,"","","",""
 91, 91, 94,101,111,121,130,133,129,118,100, 80, 60, 44, 32, 27, 29, 36, 47, 59, 71, 80, 88, 93,23, 3,15, 7 0,133,"","","","","","", 033, 91,1514, 27,"","","",""
 97,100,103,106,111,117,123,127,127,123,113, 99, 83, 66, 51, 38, 30, 27, 29, 36, 46, 59, 72, 85,23, 3,16, 734,128,"","","","","","",17 5, 27,"","","","","",""
 96,104,109,112,113,114,115,117,119,120,118,112,104, 91, 76, 59, 43, 29, 21, 19, 24, 36, 52, 70,23, 3,17, 849,120,"","","","","","",1846, 19,"","","","","",""
 88,103,113,116,115,112,108,105,105,108,113,117,117,113,103, 87, 66, 45, 26, 14, 10, 16, 32, 53,23, 3,18, 314,117,1142,118,"","","","", 726,105,1952, 10,"","","",""
 76, 97,112,120,119,112,102, 93, 89, 90, 98,109,119,126,125,115, 95, 70, 44, 22,  8,  6, 16, 36,23, 3,19, 323,120,1324,126,"","","","", 816, 89,2041,  5,"","","",""
 61, 87,109,121,123,114,100, 85, 74, 70, 76, 90,108,125,135,134,122, 99, 70, 41, 19,  8, 10, 25,23, 3,20, 339,123,1428,136,"","","","", 854, 70,2121,  7,"","","",""
 49, 78,103,121,126,120,103, 82, 64, 52, 52, 64, 85,110,130,141,139,124, 98, 67, 39, 20, 14, 22,23, 3,21, 356,126,1521,142,"","","","", 930, 51,2156, 14,"","","",""
 42, 70, 98,120,130,126,110, 86, 61, 42, 33, 39, 58, 84,112,133,143,138,120, 93, 64, 40, 27, 28,23, 3,22, 415,130,16 9,143,"","","","",10 6, 33,2227, 26,"","","",""
 42, 66, 94,118,133,133,120, 96, 67, 40, 23, 20, 32, 56, 86,114,133,139,131,112, 87, 62, 45, 40,23, 3,23, 433,135,1654,139,"","","","",1042, 19,2254, 40,"","","",""
 48, 67, 92,117,134,139,130,108, 79, 48, 23, 11, 14, 31, 58, 88,114,129,131,120,102, 81, 64, 55,23, 3,24, 452,139,1739,132,"","","","",1119, 10,2318, 54,"","","",""
 57, 71, 92,115,133,142,138,120, 93, 62, 34, 14,  7, 16, 36, 63, 90,111,121,120,109, 94, 79, 69,23, 3,25, 512,142,1823,122,"","","","",1156,  7,2339, 67,"","","",""
 67, 76, 92,112,130,141,142,130,107, 79, 50, 26, 12, 11, 23, 43, 67, 89,105,111,108, 99, 89, 80,23, 3,26, 532,143,19 8,111,"","","","",1234, 10,2357, 77,"","","",""
 77, 81, 93,109,125,137,141,134,118, 94, 68, 44, 26, 17, 20, 32, 50, 70, 86, 97,101, 98, 93, 87,23, 3,27, 554,141,20 2,101,"","","","",1315, 17,"","","","","",""
 85, 87, 94,105,118,129,135,133,123,106, 84, 63, 44, 32, 27, 30, 40, 54, 69, 81, 89, 93, 92, 91,23, 3,28, 617,135,2126, 93,"","","","", 0 9, 85,14 5, 27,2357, 90,"",""
 90, 92, 96,103,112,120,126,127,122,111, 96, 80, 64, 50, 40, 36, 37, 44, 54, 65, 75, 83, 88, 91,23, 3,29, 640,127,"","","","","","",1514, 36,"","","","","",""
 94, 96, 99,103,107,112,116,117,116,111,103, 92, 81, 69, 58, 48, 42, 40, 43, 50, 60, 70, 80, 88,23, 3,30, 7 4,117,"","","","","","",1651, 40,"","","","","",""
 95,100,103,104,105,105,106,106,106,105,103,100, 94, 87, 77, 65, 53, 44, 39, 39, 45, 56, 68, 81,23, 3,31, 726,106,"","","","","","",1823, 38,"","","","","",""
 93,101,106,107,105,101, 98, 95, 94, 96, 98,101,102,101, 94, 83, 68, 53, 41, 34, 35, 43, 56, 72,23, 4, 1, 246,107,1159,102,"","","","", 751, 94,1925, 33,"","","",""
 88,101,109,111,108,100, 92, 85, 82, 83, 88, 97,104,109,108,101, 86, 67, 49, 35, 29, 33, 45, 62,23, 4, 2, 250,111,1323,110,"","","","", 815, 82,20 9, 29,"","","",""
 82, 99,111,115,112,102, 89, 78, 70, 69, 75, 86,100,112,118,115,104, 85, 63, 43, 30, 28, 36, 53,23, 4, 3, 3 1,115,1414,118,"","","","", 840, 69,2044, 27,"","","",""
 75, 96,112,119,117,106, 90, 73, 60, 55, 59, 71, 89,107,121,125,119,103, 80, 57, 38, 29, 32, 46,23, 4, 4, 315,120,1456,125,"","","","", 9 5, 55,2116, 29,"","","",""
 68, 92,111,123,123,112, 93, 72, 54, 43, 42, 53, 73, 96,116,129,130,119, 99, 74, 52, 37, 34, 43,23, 4, 5, 330,124,1535,131,"","","","", 931, 41,2145, 33,"","","",""
 63, 87,110,125,128,119,100, 75, 51, 34, 28, 35, 53, 78,104,124,133,130,115, 93, 69, 50, 42, 45,23, 4, 6, 346,129,1614,134,"","","","", 959, 28,2213, 41,"","","",""
 61, 83,107,126,133,127,109, 82, 54, 31, 18, 19, 33, 57, 86,112,129,134,126,109, 87, 67, 54, 52,23, 4, 7, 4 4,133,1653,134,"","","","",1028, 17,2240, 51,"","","",""
 62, 81,105,125,136,135,119, 93, 63, 35, 15,  8, 16, 36, 64, 93,116,129,130,120,102, 83, 69, 62,23, 4, 8, 423,137,1734,131,"","","","",1058,  8,23 6, 62,"","","",""
 67, 81,102,123,137,140,129,106, 76, 45, 19,  5,  5, 19, 42, 70, 97,116,125,122,112, 97, 83, 75,23, 4, 9, 443,140,1817,125,"","","","",1131,  3,2330, 73,"","","",""
 75, 84,101,119,135,142,136,118, 91, 60, 32, 11,  3,  8, 24, 48, 74, 96,111,117,114,105, 95, 86,23, 4,10, 5 5,142,19 7,117,"","","","",12 7,  3,2352, 84,"","","",""
 84, 89,100,116,131,140,140,128,106, 78, 50, 26, 11,  7, 14, 30, 51, 73, 91,102,107,105,101, 96,23, 4,11, 529,141,2012,107,"","","","",1249,  7,"","","","","",""
 93, 95,102,113,125,135,138,133,118, 96, 71, 47, 28, 17, 15, 21, 34, 51, 68, 82, 93, 98,100,100,23, 4,12, 556,138,"","","","","","", 010, 93,1343, 14,"","","",""
100,100,104,110,118,126,131,131,123,109, 91, 70, 51, 36, 26, 23, 26, 34, 46, 60, 74, 85, 94,100,23, 4,13, 627,132,"","","","","","",1459, 23,"","","","","",""
103,106,107,109,112,116,119,121,120,115,105, 92, 77, 61, 47, 36, 29, 28, 32, 41, 54, 68, 82, 94,23, 4,14, 714,121,"","","","","","",1644, 27,"","","","","",""
104,109,110,109,107,105,105,106,108,110,109,106, 98, 88, 74, 58, 43, 32, 27, 29, 38, 52, 69, 86,23, 4,15, 156,110, 920,110,"","","","", 541,105,1816, 27,"","","",""
101,111,114,112,105, 97, 91, 88, 89, 95,102,108,111,109,100, 85, 67, 48, 34, 27, 29, 39, 56, 77,23, 4,16, 2 4,114,12 5,111,"","","","", 710, 88,1919, 27,"","","",""
 96,111,118,117,108, 94, 80, 70, 67, 72, 83, 98,111,119,119,110, 93, 72, 51, 36, 30, 34, 48, 68,23, 4,17, 220,119,1332,120,"","","","", 754, 67,20 7, 30,"","","",""
 91,110,122,123,114, 97, 76, 59, 48, 48, 58, 76, 97,116,127,128,117, 98, 74, 54, 40, 37, 45, 63,23, 4,18, 238,124,1433,129,"","","","", 832, 46,2046, 36,"","","",""
 86,108,124,130,123,105, 80, 55, 36, 27, 32, 49, 74,100,122,133,132,119, 98, 75, 57, 47, 49, 62,23, 4,19, 257,130,1524,134,"","","","", 9 8, 27,2121, 46,"","","",""
 83,106,125,135,132,116, 90, 60, 33, 16, 12, 23, 47, 76,105,126,135,131,117, 96, 76, 62, 58, 65,23, 4,20, 317,136,1611,135,"","","","", 944, 11,2151, 57,"","","",""
 82,104,125,139,140,128,104, 73, 40, 15,  2,  4, 22, 50, 81,109,128,133,127,112, 93, 77, 69, 71,23, 4,21, 338,141,1656,133,"","","","",1020,  1,2220, 68,"","","",""
 83,102,122,139,145,138,118, 89, 55, 24,  3, -4,  5, 27, 57, 88,112,126,128,119,105, 91, 80, 78,23, 4,22, 4 0,145,1739,128,"","","","",1056, -4,2246, 77,"","","",""
 85,100,118,135,145,144,130,105, 73, 41, 14, -1, -1, 13, 37, 66, 92,112,121,120,111,100, 90, 85,23, 4,23, 424,146,1822,122,"","","","",1132, -3,2311, 84,"","","",""
 87, 98,113,129,141,145,137,117, 90, 60, 32, 12,  3,  8, 24, 48, 73, 95,109,114,112,104, 96, 90,23, 4,24, 449,145,19 7,114,"","","","",12 9,  3,2335, 89,"","","",""
 90, 96,108,121,134,140,137,125,104, 78, 52, 30, 16, 12, 20, 36, 56, 77, 94,104,107,105,100, 95,23, 4,25, 515,140,1958,107,"","","","",1248, 12,2359, 93,"","","",""
 93, 96,103,113,124,131,133,126,112, 93, 71, 50, 34, 24, 24, 31, 45, 62, 78, 91, 99,101,100, 98,23, 4,26, 542,133,21 9,101,"","","","",1334, 23,"","","","","",""
 97, 97,100,107,114,121,124,122,114,102, 85, 68, 53, 41, 34, 34, 40, 51, 64, 77, 88, 95, 99,100,23, 4,27, 610,124,"","","","","","", 021, 96,1432, 33,"","","",""
100,100,100,103,106,110,113,113,110,104, 95, 83, 71, 59, 50, 43, 41, 45, 53, 64, 76, 86, 95,100,23, 4,28, 642,113,"","","","","","",1550, 41,"","","","","",""
103,104,103,101,100,100,101,101,102,101, 98, 93, 86, 77, 67, 57, 49, 45, 46, 53, 64, 77, 89, 99,23, 4,29, 053,104, 754,102,"","","","", 447,100,1714, 45,"","","",""
105,108,107,103, 98, 93, 89, 88, 89, 92, 95, 97, 97, 93, 85, 74, 62, 52, 46, 47, 55, 67, 82, 96,23, 4,30, 113,108,1122, 97,"","","","", 7 0, 88,1822, 46,"","","",""
106,112,112,107, 98, 88, 80, 75, 74, 78, 86, 94,101,104,101, 92, 78, 64, 52, 47, 49, 59, 74, 91,23, 5, 1, 131,113,13 0,104,"","","","", 734, 74,1913, 47,"","","",""
106,115,118,113,101, 87, 73, 62, 58, 62, 72, 85, 99,109,113,109, 97, 81, 65, 53, 49, 55, 68, 86,23, 5, 2, 149,118,1358,113,"","","","", 8 3, 58,1954, 49,"","","",""
104,118,123,120,108, 89, 70, 53, 44, 44, 53, 70, 89,107,119,121,114, 99, 81, 65, 56, 55, 65, 82,23, 5, 3, 2 7,124,1446,122,"","","","", 831, 42,2031, 54,"","","",""
102,119,128,128,116, 96, 72, 49, 33, 27, 33, 49, 73, 97,117,128,128,117,100, 81, 67, 61, 65, 79,23, 5, 4, 227,129,1529,129,"","","","", 859, 27,21 5, 61,"","","",""
 99,118,132,135,126,106, 79, 51, 27, 14, 14, 27, 51, 79,106,125,134,130,117, 99, 82, 71, 70, 79,23, 5, 5, 247,135,1611,134,"","","","", 930, 12,2138, 69,"","","",""
 96,116,133,141,136,119, 91, 59, 30,  9,  1,  8, 28, 56, 87,113,130,135,129,115, 98, 85, 78, 82,23, 5, 6, 310,141,1655,135,"","","","",10 3,  1,22 9, 78,"","","",""
 94,113,131,143,144,132,107, 74, 41, 13, -3, -5,  8, 32, 63, 93,117,130,132,124,111, 98, 89, 87,23, 5, 7, 334,145,1740,133,"","","","",1038, -6,2240, 87,"","","",""
 95,110,127,142,148,142,123, 93, 59, 27,  3, -8, -4, 12, 39, 68, 96,116,126,126,119,108, 99, 94,23, 5, 8, 4 1,148,1830,127,"","","","",1116, -8,23 9, 94,"","","",""
 97,107,122,137,147,147,135,112, 81, 48, 20,  1, -5,  2, 20, 45, 72, 95,111,119,119,114,106,101,23, 5, 9, 431,149,1928,120,"","","","",1158, -5,2340, 99,"","","",""
100,105,116,129,141,146,142,126,102, 72, 44, 20,  5,  2, 11, 27, 49, 72, 92,105,112,113,110,106,23, 5,10, 5 4,146,2040,113,"","","","",1246,  2,"","","","","",""
103,104,110,120,130,138,139,132,117, 94, 69, 45, 26, 15, 13, 20, 34, 52, 71, 88,100,108,110,109,23, 5,11, 542,140,2211,110,"","","","", 015,103,1342, 13,"","","",""
107,105,106,110,117,124,129,129,122,109, 91, 72, 53, 37, 27, 24, 29, 40, 54, 71, 87, 99,107,110,23, 5,12, 631,130,2327,111,"","","","", 112,105,1451, 24,"","","",""
110,108,104,103,104,107,112,115,117,113,105, 93, 79, 63, 49, 39, 35, 37, 45, 58, 74, 89,102,110,23, 5,13, 748,117,"","","","","","", 3 8,103,1612, 35,"","","",""
114,112,107,100, 94, 91, 91, 95,100,105,107,105, 99, 88, 75, 62, 50, 44, 44, 52, 64, 81, 96,109,23, 5,14, 010,114,10 0,107,"","","","", 522, 91,1727, 43,"","","",""
117,118,112,102, 89, 79, 72, 72, 77, 87, 97,105,109,107, 99, 86, 72, 60, 53, 53, 61, 75, 92,108,23, 5,15, 040,118,1212,109,"","","","", 635, 71,1829, 52,"","","",""
119,124,121,109, 92, 74, 59, 52, 52, 62, 76, 93,107,115,116,108, 95, 80, 68, 61, 63, 72, 88,105,23, 5,16, 1 6,124,1335,116,"","","","", 724, 51,1919, 61,"","","",""
121,130,130,120,101, 78, 55, 39, 32, 36, 51, 71, 93,111,122,123,115,101, 86, 75, 70, 74, 86,103,23, 5,17, 131,131,1437,124,"","","","", 8 6, 32,20 2, 70,"","","",""
120,133,138,131,114, 89, 60, 35, 20, 16, 26, 46, 72, 98,118,128,128,119,105, 91, 81, 80, 87,101,23, 5,18, 157,138,1529,129,"","","","", 846, 16,2041, 79,"","","",""
118,134,143,141,128,104, 73, 42, 18,  5,  7, 22, 48, 77,104,123,132,129,119,105, 93, 87, 89, 99,23, 5,19, 223,144,1616,132,"","","","", 923,  4,2117, 87,"","","",""
114,131,144,148,140,119, 90, 57, 27,  6, -2,  5, 26, 54, 85,111,127,132,128,117,104, 95, 92, 98,23, 5,20, 251,148,1659,132,"","","","",10 0, -2,2152, 92,"","","",""
110,126,140,149,147,133,108, 76, 43, 16,  0, -2, 10, 34, 64, 93,115,127,129,123,113,103, 96, 97,23, 5,21, 321,150,1741,130,"","","","",1037, -3,2225, 96,"","","",""
105,119,134,145,149,141,122, 95, 63, 33, 10,  0,  4, 20, 46, 74, 99,117,125,124,117,108,100, 98,23, 5,22, 351,149,1822,126,"","","","",1114,  0,2257, 98,"","","",""
101,112,125,138,146,144,132,110, 82, 53, 28, 11,  6, 14, 33, 57, 82,103,116,121,118,111,104, 99,23, 5,23, 422,146,19 4,121,"","","","",1152,  6,2330, 98,"","","",""
 99,105,116,128,138,141,136,121, 99, 72, 47, 27, 16, 15, 26, 45, 67, 88,105,114,116,113,107,101,23, 5,24, 455,141,1948,116,"","","","",1231, 14,"","","","","",""
 99,101,108,118,128,134,133,125,110, 89, 66, 46, 31, 24, 27, 38, 55, 74, 92,105,112,113,109,105,23, 5,25, 528,134,2038,113,"","","","", 0 6, 99,1313, 24,"","","",""
101, 99,102,108,116,122,125,123,114,100, 82, 64, 49, 38, 34, 38, 48, 64, 80, 95,106,111,111,108,23, 5,26, 6 5,125,2132,112,"","","","", 051, 99,14 0, 34,"","","",""
104,100, 99,101,105,110,114,115,112,105, 94, 80, 66, 54, 46, 44, 47, 57, 71, 85, 99,108,112,112,23, 5,27, 652,115,2227,113,"","","","", 158, 99,1455, 44,"","","",""
109,104, 99, 96, 96, 97,100,103,105,103, 99, 92, 82, 72, 62, 55, 53, 56, 65, 77, 91,104,112,116,23, 5,28, 810,105,2314,116,"","","","", 350, 95,1557, 53,"","","",""
114,110,103, 95, 89, 86, 85, 88, 92, 96, 98, 98, 95, 89, 80, 71, 64, 61, 63, 72, 85, 99,111,118,23, 5,29,1028, 99,2351,120,"","","","", 538, 85,17 2, 61,"","","",""
120,117,109, 98, 86, 77, 71, 71, 75, 83, 91, 98,103,102, 97, 89, 79, 71, 68, 71, 81, 94,108,119,23, 5,30,1227,103,"","","","","","", 636, 70,18 1, 68,"","","",""
125,124,116,103, 87, 72, 60, 54, 56, 64, 77, 91,103,111,112,107, 97, 86, 78, 75, 80, 90,105,119,23, 5,31, 022,125,1341,112,"","","","", 716, 54,1853, 75,"","","",""
128,131,126,112, 93, 72, 53, 41, 37, 43, 57, 76, 96,112,121,122,115,104, 92, 85, 83, 89,102,117,23, 6, 1, 051,131,1437,123,"","","","", 751, 37,1941, 83,"","","",""
130,137,136,124,104, 78, 53, 33, 22, 22, 34, 55, 79,103,121,130,130,121,109, 97, 91, 92,100,114,23, 6, 2, 121,138,1527,131,"","","","", 827, 21,2024, 90,"","","",""
129,141,144,137,118, 92, 61, 34, 14,  7, 12, 30, 56, 85,110,128,136,134,124,112,101, 97,100,111,23, 6, 3, 151,144,1615,137,"","","","", 9 5,  7,21 5, 97,"","","",""
126,141,149,148,135,110, 78, 45, 17,  0, -3,  7, 30, 60, 90,116,133,138,134,124,113,105,103,109,23, 6, 4, 223,150,17 3,138,"","","","", 944, -4,2145,102,"","","",""
121,137,150,155,149,129,100, 65, 32,  6, -8, -7,  8, 34, 65, 95,119,133,137,132,122,112,107,107,23, 6, 5, 259,155,1753,137,"","","","",1027, -9,2223,106,"","","",""
116,130,145,156,157,146,122, 90, 55, 23,  0,-10, -5, 13, 40, 70, 98,119,130,132,127,119,111,107,23, 6, 6, 336,158,1844,133,"","","","",1111,-10,23 2,107,"","","",""
111,121,135,149,157,154,140,115, 83, 49, 21,  2, -5,  2, 21, 47, 75,100,117,127,128,122,115,108,23, 6, 7, 418,157,1937,128,"","","","",1158, -5,2346,107,"","","",""
107,112,122,136,147,153,148,132,107, 78, 48, 24,  8,  5, 14, 32, 55, 80,102,116,123,123,118,111,23, 6, 8, 5 3,153,2027,124,"","","","",1246,  5,"","","","","",""
105,104,109,119,131,140,144,138,123,101, 76, 51, 31, 20, 19, 28, 44, 65, 87,105,117,122,120,114,23, 6, 9, 554,144,2114,122,"","","","", 039,104,1336, 18,"","","",""
106,100, 99,103,111,121,129,132,127,115, 98, 78, 58, 43, 34, 35, 43, 58, 76, 95,110,120,122,119,23, 6,10, 656,132,2154,122,"","","","", 146, 99,1429, 33,"","","",""
111,102, 94, 91, 92, 98,106,114,118,117,110, 98, 83, 69, 57, 50, 51, 59, 72, 89,105,118,124,124,23, 6,11, 817,119,2232,125,"","","","", 311, 90,1524, 50,"","","",""
119,108, 96, 85, 79, 77, 82, 90, 99,106,109,107,101, 91, 80, 71, 66, 67, 74, 86,101,115,126,130,23, 6,12,10 7,109,23 7,130,"","","","", 442, 77,1621, 66,"","","",""
127,118,104, 88, 73, 64, 61, 65, 74, 86, 97,105,109,107,101, 93, 85, 80, 81, 88,100,113,126,134,23, 6,13,1210,109,2344,135,"","","","", 556, 61,1720, 80,"","","",""
135,129,117, 98, 78, 59, 48, 44, 49, 62, 78, 94,106,114,115,111,103, 96, 92, 93,100,111,124,134,23, 6,14,1343,115,"","","","","","", 653, 44,1818, 91,"","","",""
141,139,130,113, 89, 65, 45, 32, 30, 38, 54, 75, 95,111,121,123,119,111,104,100,102,109,120,132,23, 6,15, 022,141,1450,123,"","","","", 742, 29,1914,100,"","","",""
142,146,142,128,106, 79, 52, 30, 19, 20, 32, 53, 77,100,118,128,129,124,116,109,105,108,115,127,23, 6,16, 1 1,146,1541,130,"","","","", 826, 18,20 7,105,"","","",""
139,148,149,141,123, 96, 66, 39, 19, 11, 16, 32, 57, 84,108,125,133,133,126,117,110,108,111,120,23, 6,17, 141,150,1625,134,"","","","", 9 7, 11,2055,108,"","","",""
133,145,151,150,137,115, 85, 54, 28, 11,  7, 17, 37, 65, 93,116,130,135,132,124,115,109,108,114,23, 6,18, 220,152,17 4,135,"","","","", 947,  7,2138,108,"","","",""
125,138,149,153,147,131,105, 74, 44, 20,  7,  8, 23, 47, 75,102,122,132,134,128,120,111,106,108,23, 6,19, 258,153,1740,134,"","","","",1025,  6,2217,106,"","","",""
116,129,142,151,152,142,122, 94, 63, 35, 16,  8, 14, 32, 58, 86,109,125,132,130,123,114,106,104,23, 6,20, 336,153,1815,132,"","","","",11 3,  8,2253,104,"","","",""
108,118,132,144,150,147,134,111, 83, 54, 30, 16, 13, 24, 45, 70, 96,115,127,129,125,116,108,102,23, 6,21, 413,151,1848,130,"","","","",1140, 13,2329,101,"","","",""
102,109,121,134,143,146,140,124,100, 73, 48, 29, 20, 23, 37, 58, 82,104,120,127,126,119,111,103,23, 6,22, 450,146,1921,127,"","","","",1216, 19,"","","","","",""
 99,101,110,121,132,139,139,130,112, 90, 67, 46, 32, 28, 35, 51, 72, 94,112,123,126,123,115,106,23, 6,23, 528,140,1954,126,"","","","", 0 8, 99,1252, 28,"","","",""
 99, 97,100,109,119,128,132,129,119,102, 83, 63, 48, 39, 40, 49, 66, 85,104,119,126,126,120,110,23, 6,24, 6 8,132,2027,127,"","","","", 052, 97,1327, 38,"","","",""
102, 96, 94, 98,105,113,120,122,119,109, 95, 80, 65, 54, 50, 53, 64, 80, 98,114,124,128,125,117,23, 6,25, 656,122,21 0,128,"","","","", 146, 94,14 5, 50,"","","",""
107, 98, 91, 89, 92, 98,105,110,113,110,103, 93, 82, 71, 65, 63, 68, 78, 93,109,122,129,129,124,23, 6,26, 8 2,113,2134,130,"","","","", 255, 89,1446, 63,"","","",""
114,103, 92, 85, 81, 82, 87, 94,100,105,105,102, 96, 89, 82, 77, 76, 81, 92,105,118,128,133,131,23, 6,27, 941,106,2210,133,"","","","", 415, 81,1536, 76,"","","",""
123,111, 97, 84, 74, 69, 70, 75, 83, 92,100,105,107,104,100, 94, 90, 89, 94,103,115,126,134,136,23, 6,28,1152,107,2248,136,"","","","", 527, 69,1636, 89,"","","",""
132,121,106, 89, 73, 61, 54, 55, 62, 74, 87,100,110,115,115,112,106,101,100,104,113,124,134,140,23, 6,29,1334,116,2330,141,"","","","", 624, 54,1743,100,"","","",""
140,133,119,100, 78, 59, 44, 38, 40, 51, 67, 86,103,117,125,126,122,116,111,109,113,121,131,141,23, 6,30,1442,126,"","","","","","", 713, 38,1848,109,"","","",""
146,144,134,115, 92, 66, 43, 28, 22, 27, 42, 63, 87,109,125,134,135,130,123,117,115,119,127,138,23, 7, 1, 016,146,1537,136,"","","","", 8 1, 22,1949,115,"","","",""
148,152,148,134,111, 83, 53, 28, 12,  9, 17, 37, 63, 90,115,132,141,140,134,125,119,118,123,133,23, 7, 2, 1 4,152,1625,141,"","","","", 848,  8,2044,118,"","","",""
145,155,159,152,134,107, 74, 41, 16,  1,  0, 12, 35, 65, 95,120,137,143,141,133,124,118,118,125,23, 7, 3, 153,159,1711,144,"","","","", 936, -1,2133,117,"","","",""
137,151,161,164,154,132,101, 66, 33,  8, -5, -4, 12, 39, 70,101,125,139,143,138,129,120,114,116,23, 7, 4, 242,164,1755,143,"","","","",1023, -6,2218,114,"","","",""
125,140,155,165,165,153,129, 96, 60, 27,  4, -5,  0, 19, 47, 78,107,128,139,140,133,122,112,108,23, 7, 5, 332,167,1834,140,"","","","",11 9, -5,23 3,108,"","","",""
112,124,140,156,165,163,149,123, 90, 56, 27,  7,  2, 10, 31, 59, 89,114,131,138,135,125,113,104,23, 7, 6, 422,166,1910,138,"","","","",1153,  2,2350,101,"","","",""
101,107,120,137,152,159,156,141,116, 86, 55, 31, 16, 15, 27, 48, 75,101,122,134,135,129,117,104,23, 7, 7, 514,160,1941,136,"","","","",1235, 14,"","","","","",""
 94, 93,100,113,129,143,149,145,131,109, 83, 58, 40, 31, 34, 48, 69, 93,115,130,136,133,123,108,23, 7, 8, 6 9,149,20 9,136,"","","","", 041, 92,1314, 31,"","","",""
 95, 86, 85, 91,104,118,130,136,133,121,103, 84, 66, 53, 50, 56, 71, 90,110,127,137,138,130,117,23, 7, 9, 7 9,136,2036,138,"","","","", 138, 84,1351, 50,"","","",""
101, 87, 78, 76, 81, 92,105,116,122,120,113,101, 88, 77, 70, 71, 78, 92,109,125,137,141,138,128,23, 7,10, 820,122,21 5,141,"","","","", 244, 76,1426, 69,"","","",""
113, 96, 80, 70, 66, 70, 79, 91,102,109,111,109,103, 96, 90, 87, 90, 98,110,123,135,143,144,138,23, 7,11, 957,111,2138,144,"","","","", 359, 66,15 2, 87,"","","",""
126,110, 91, 74, 62, 57, 58, 66, 78, 90,100,107,110,109,107,104,103,105,112,122,132,141,146,145,23, 7,12,1221,110,2220,146,"","","","", 515, 56,1549,103,"","","",""
138,125,107, 87, 68, 54, 47, 47, 55, 68, 83, 97,108,115,118,117,115,114,116,121,128,136,144,147,23, 7,13,1419,118,2314,147,"","","","", 624, 46,17 0,114,"","","",""
146,138,124,105, 82, 61, 45, 37, 38, 48, 63, 82, 99,113,123,127,126,123,121,120,124,130,137,144,23, 7,14,1518,127,"","","","","","", 722, 36,1832,120,"","","",""
148,147,139,123,101, 76, 53, 36, 29, 32, 44, 63, 85,106,122,131,134,131,126,122,120,123,129,137,23, 7,15, 017,149,1556,134,"","","","", 813, 28,1954,120,"","","",""
146,150,149,139,120, 95, 68, 44, 28, 22, 29, 45, 68, 93,114,130,137,137,131,124,119,117,120,128,23, 7,16, 117,151,1628,138,"","","","", 857, 22,2053,117,"","","",""
139,148,153,150,137,115, 87, 58, 35, 21, 19, 30, 51, 77,102,123,136,139,136,128,119,113,112,118,23, 7,17, 2 9,153,1657,139,"","","","", 938, 18,2137,112,"","","",""
129,142,152,156,149,132,107, 77, 49, 27, 17, 20, 36, 60, 88,113,131,139,138,131,121,111,107,109,23, 7,18, 254,156,1724,140,"","","","",1016, 16,2213,106,"","","",""
118,132,146,155,156,145,124, 96, 66, 40, 22, 17, 26, 47, 73,100,122,136,139,134,123,112,103,101,23, 7,19, 334,157,1750,139,"","","","",1051, 17,2247,101,"","","",""
107,120,135,149,156,152,138,114, 85, 56, 34, 22, 23, 38, 61, 89,113,131,138,136,127,114,103, 96,23, 7,20, 412,156,1815,138,"","","","",1123, 21,2320, 96,"","","",""
 98,107,122,138,149,152,145,127,102, 74, 50, 33, 27, 35, 54, 79,104,125,137,138,131,118,105, 95,23, 7,21, 449,152,1839,139,"","","","",1154, 27,2355, 91,"","","",""
 91, 96,108,124,138,146,145,134,115, 91, 67, 47, 37, 39, 52, 73, 97,119,134,140,135,124,109, 96,23, 7,22, 526,147,19 2,140,"","","","",1223, 36,"","","","","",""
 88, 88, 95,108,122,134,139,135,123,104, 83, 64, 51, 48, 55, 71, 92,114,131,140,139,130,116,101,23, 7,23, 6 6,139,1926,141,"","","","", 033, 87,1250, 48,"","","",""
 89, 83, 85, 94,106,118,127,130,125,113, 97, 81, 68, 61, 63, 74, 90,110,128,139,142,136,124,108,23, 7,24, 651,130,1949,143,"","","","", 115, 83,1317, 61,"","","",""
 93, 82, 78, 81, 90,101,112,119,121,116,107, 96, 85, 77, 76, 81, 92,108,124,137,144,141,132,117,23, 7,25, 747,121,2014,144,"","","","", 2 4, 78,1345, 75,"","","",""
101, 86, 77, 73, 75, 83, 93,103,110,113,111,106,100, 94, 91, 92, 98,109,122,135,143,145,139,127,23, 7,26, 9 7,113,2043,145,"","","","", 3 4, 73,1416, 91,"","","",""
111, 95, 80, 70, 65, 67, 73, 82, 93,102,108,111,111,109,107,106,108,113,122,132,141,146,144,137,23, 7,27,1130,111,2119,146,"","","","", 417, 65,1456,106,"","","",""
124,108, 90, 74, 62, 55, 55, 60, 70, 83, 96,106,114,119,121,120,119,120,124,130,137,144,147,145,23, 7,28,14 9,121,22 9,147,"","","","", 533, 54,1611,119,"","","",""
137,124,107, 87, 67, 52, 42, 41, 46, 59, 75, 92,108,121,129,132,131,129,128,129,133,139,146,150,23, 7,29,1512,132,2319,150,"","","","", 644, 40,18 3,128,"","","",""
148,141,127,107, 83, 60, 40, 29, 26, 33, 49, 70, 92,113,129,138,141,138,133,130,129,133,140,148,23, 7,30,1552,141,"","","","","","", 745, 26,1936,129,"","","",""
154,155,147,131,108, 80, 52, 29, 16, 13, 23, 43, 69, 96,120,137,145,145,139,131,126,125,130,139,23, 7,31, 036,155,1627,146,"","","","", 841, 13,2041,125,"","","",""
151,160,162,154,135,107, 75, 44, 19,  5,  5, 19, 43, 73,103,127,143,148,144,134,124,118,118,125,23, 8, 1, 144,162,17 0,148,"","","","", 930,  4,2130,117,"","","",""
139,155,166,168,159,137,105, 70, 37, 13,  1,  5, 23, 51, 83,113,135,146,146,137,124,112,106,109,23, 8, 2, 243,169,1729,147,"","","","",1016,  1,2214,106,"","","",""
120,138,157,170,171,159,135,101, 65, 33, 12,  4, 13, 35, 65, 97,124,141,147,141,127,111, 98, 93,23, 8, 3, 338,172,1756,147,"","","","",1057,  4,2256, 93,"","","",""
100,116,137,157,169,169,155,129, 96, 62, 34, 18, 17, 30, 55, 85,114,135,146,144,132,114, 96, 84,23, 8, 4, 430,170,1820,146,"","","","",1135, 15,2339, 81,"","","",""
 82, 92,110,133,152,163,160,145,120, 90, 62, 41, 31, 36, 54, 79,107,130,145,147,138,121,100, 82,23, 8, 5, 521,163,1842,148,"","","","",12 9, 31,"","","","","",""
 72, 73, 85,104,126,143,151,148,133,112, 87, 66, 53, 51, 61, 81,104,127,144,150,145,131,110, 89,23, 8, 6, 612,152,19 3,150,"","","","", 025, 71,1238, 50,"","","",""
 72, 64, 67, 79, 98,117,131,137,134,122,105, 88, 75, 70, 74, 87,106,126,143,152,152,141,123,101,23, 8, 7, 7 7,137,1926,153,"","","","", 113, 64,13 3, 70,"","","",""
 81, 66, 60, 63, 74, 90,106,118,123,121,113,103, 94, 88, 89, 97,110,126,141,152,155,149,135,116,23, 8, 8, 811,123,1950,155,"","","","", 2 8, 59,1324, 88,"","","",""
 96, 77, 64, 58, 60, 69, 81, 94,105,111,112,109,106,103,103,107,115,126,138,148,153,152,144,130,23, 8, 9, 944,112,2020,154,"","","","", 313, 58,1336,102,"","","",""
113, 95, 77, 64, 57, 57, 62, 72, 84, 95,103,108,111,113,114,116,120,126,134,142,148,150,148,140,23, 8,10,21 0,150,"","","","","","", 432, 56,"","","","","",""
128,113, 96, 79, 64, 55, 52, 56, 65, 76, 89,101,111,118,122,125,126,128,131,135,139,143,145,144,23, 8,11,22 9,145,"","","","","","", 555, 52,"","","","","",""
139,129,115, 98, 79, 62, 50, 46, 49, 58, 73, 89,104,117,126,131,132,130,129,128,130,133,138,142,23, 8,12,1540,132,2355,143,"","","","", 7 6, 46,1837,128,"","","",""
143,141,132,118, 98, 76, 57, 44, 39, 43, 56, 73, 93,112,126,135,137,134,129,124,122,123,128,135,23, 8,13,1551,137,"","","","","","", 8 2, 39,2011,122,"","","",""
142,146,145,135,118, 95, 70, 49, 36, 33, 40, 57, 79,102,122,135,140,138,131,122,116,113,116,125,23, 8,14, 116,147,16 9,140,"","","","", 847, 32,2057,113,"","","",""
136,146,151,148,136,114, 87, 61, 40, 29, 30, 43, 64, 90,114,132,141,141,134,123,112,106,105,113,23, 8,15, 211,151,1629,142,"","","","", 925, 28,2131,105,"","","",""
125,140,152,156,149,132,106, 77, 51, 32, 25, 32, 51, 77,104,126,140,143,137,125,111,101, 96,100,23, 8,16, 255,156,1649,143,"","","","", 959, 25,22 2, 96,"","","",""
113,129,146,156,157,146,124, 95, 66, 42, 28, 28, 42, 66, 93,119,137,144,140,129,113, 99, 89, 89,23, 8,17, 333,158,17 9,144,"","","","",1030, 26,2231, 88,"","","",""
 99,115,135,150,158,154,137,112, 83, 57, 38, 31, 38, 58, 85,112,133,144,144,134,117, 99, 86, 81,23, 8,18, 410,158,1728,146,"","","","",1058, 31,23 2, 81,"","","",""
 86,100,119,139,152,155,146,126,100, 74, 52, 40, 41, 55, 79,105,129,144,147,139,123,103, 86, 75,23, 8,19, 446,155,1747,148,"","","","",1124, 39,2333, 74,"","","",""
 75, 85,103,123,140,149,148,135,114, 90, 68, 53, 49, 58, 77,101,125,142,150,145,130,110, 90, 74,23, 8,20, 522,150,18 6,150,"","","","",1149, 49,"","","","","",""
 68, 73, 86,105,124,138,143,138,124,104, 84, 69, 61, 65, 78, 99,122,140,150,149,138,118, 97, 78,23, 8,21, 6 1,143,1825,151,"","","","", 0 5, 68,1212, 61,"","","",""
 66, 65, 73, 88,106,122,133,135,128,115, 99, 85, 76, 76, 84,100,119,138,150,152,144,127,106, 85,23, 8,22, 643,135,1844,153,"","","","", 040, 64,1233, 75,"","","",""
 69, 62, 63, 73, 87,103,117,125,125,119,110, 99, 91, 89, 93,104,119,135,147,153,149,136,117, 96,23, 8,23, 735,126,19 6,153,"","","","", 120, 61,1253, 89,"","","",""
 77, 65, 59, 62, 71, 84, 97,108,115,117,114,109,105,103,104,111,121,133,144,151,151,143,128,110,23, 8,24, 849,117,1931,152,"","","","", 2 9, 59,13 7,103,"","","",""
 91, 74, 63, 57, 59, 65, 76, 87, 98,106,111,113,114,115,116,119,125,132,141,147,150,147,139,125,23, 8,25,20 3,150,"","","","","","", 318, 57,"","","","","",""
108, 91, 75, 62, 54, 52, 56, 64, 75, 87, 99,109,117,123,126,129,131,133,137,142,146,147,145,138,23, 8,26,2056,147,"","","","","","", 451, 52,"","","","","",""
126,112, 95, 77, 61, 49, 42, 43, 50, 63, 78, 95,111,124,133,137,137,136,135,135,138,141,144,145,23, 8,27,1534,137,2246,145,"","","","", 625, 42,1811,135,"","","",""
142,133,119,100, 79, 57, 40, 31, 30, 38, 54, 75, 97,118,133,141,143,139,133,128,127,130,136,144,23, 8,28,1541,143,"","","","","","", 736, 29,1952,127,"","","",""
150,150,144,128,105, 78, 52, 31, 20, 19, 31, 52, 78,105,127,141,146,142,133,123,116,115,120,132,23, 8,29, 037,151,16 1,146,"","","","", 831, 18,2042,114,"","","",""
146,156,160,153,135,108, 76, 46, 24, 13, 16, 32, 58, 88,116,137,147,146,135,121,107, 99,101,112,23, 8,30, 152,160,1622,148,"","","","", 917, 12,2122, 99,"","","",""
129,149,163,168,159,137,106, 72, 42, 21, 14, 22, 44, 73,104,130,146,149,139,122,103, 88, 82, 88,23, 8,31, 251,168,1642,149,"","","","", 958, 14,22 1, 82,"","","",""
105,128,151,167,170,159,135,102, 69, 41, 25, 24, 38, 64, 95,123,144,151,145,128,105, 83, 69, 66,23, 9, 1, 344,171,17 2,151,"","","","",1034, 22,2240, 66,"","","",""
 78,100,127,151,166,167,153,128, 97, 67, 46, 37, 43, 62, 89,118,141,153,151,136,113, 87, 65, 53,23, 9, 2, 433,168,1722,154,"","","","",11 5, 37,2319, 53,"","","",""
 56, 72, 97,125,147,159,157,143,119, 93, 70, 56, 55, 68, 90,116,139,154,157,146,125, 97, 71, 51,23, 9, 3, 522,160,1741,158,"","","","",1133, 54,"","","","","",""
 44, 51, 70, 95,121,140,148,144,130,111, 91, 77, 72, 78, 94,116,138,154,161,155,137,112, 84, 60,23, 9, 4, 610,148,18 1,161,"","","","", 0 0, 44,1157, 72,"","","",""
 45, 42, 51, 70, 93,115,130,135,131,120,106, 94, 88, 90,101,117,136,152,161,160,147,126,101, 76,23, 9, 5, 7 1,135,1822,162,"","","","", 043, 41,1216, 87,"","","",""
 56, 45, 45, 55, 71, 90,107,118,122,119,112,105,101,101,108,119,134,148,157,159,153,138,117, 95,23, 9, 6, 8 1,122,1846,160,"","","","", 131, 43,1228,100,"","","",""
 74, 58, 50, 50, 58, 71, 85, 98,107,111,112,110,109,110,114,121,131,141,150,154,152,143,129,112,23, 9, 7, 938,112,1911,154,"","","","", 228, 49,1213,109,"","","",""
 94, 78, 64, 57, 55, 60, 68, 79, 90, 99,105,110,114,117,120,124,129,135,141,144,145,142,135,125,23, 9, 8,1944,145,"","","","","","", 344, 55,"","","","","",""
112, 98, 84, 71, 61, 57, 58, 63, 73, 84, 95,105,114,120,125,127,129,130,132,133,135,135,134,131,23, 9, 9,2057,135,"","","","","","", 521, 57,"","","","","",""
125,116,104, 90, 75, 62, 54, 53, 58, 68, 82, 96,110,121,128,131,130,128,125,123,123,124,128,131,23, 9,10,1513,131,2356,132,"","","","", 644, 53,1934,122,"","","",""
132,130,122,109, 92, 73, 58, 48, 47, 53, 67, 84,103,119,130,135,134,128,121,114,111,112,117,125,23, 9,11,1516,135,"","","","","","", 742, 46,2018,111,"","","",""
133,138,136,127,111, 89, 68, 50, 41, 42, 53, 71, 93,114,129,137,137,131,120,109,101,100,104,115,23, 9,12, 120,138,1530,138,"","","","", 825, 40,2047, 99,"","","",""
128,139,145,141,128,107, 82, 59, 43, 37, 43, 59, 82,106,126,138,141,134,122,107, 94, 88, 91,101,23, 9,13, 211,145,1545,141,"","","","", 9 0, 37,2115, 88,"","","",""
117,134,146,150,143,125,100, 73, 51, 38, 38, 50, 72, 98,122,138,144,139,125,107, 91, 79, 77, 86,23, 9,14, 252,150,16 1,144,"","","","", 931, 36,2142, 77,"","","",""
102,123,141,152,152,140,117, 90, 64, 46, 39, 46, 65, 90,116,137,146,144,131,111, 90, 74, 66, 70,23, 9,15, 329,154,1618,147,"","","","",10 0, 39,22 9, 66,"","","",""
 85,107,130,147,154,149,132,107, 81, 59, 47, 48, 62, 85,111,134,148,149,137,117, 93, 72, 59, 57,23, 9,16, 4 5,155,1634,150,"","","","",1026, 45,2237, 57,"","","",""
 68, 89,114,136,150,152,142,122, 98, 75, 59, 54, 63, 82,108,131,148,153,144,125,100, 75, 56, 49,23, 9,17, 441,153,1651,153,"","","","",1051, 54,23 6, 49,"","","",""
 54, 71, 95,119,139,148,146,133,113, 91, 74, 65, 69, 83,105,128,147,155,151,134,109, 82, 59, 45,23, 9,18, 518,149,17 9,155,"","","","",1114, 65,2336, 43,"","","",""
 44, 55, 76,100,123,138,143,137,123,105, 89, 79, 78, 87,105,126,144,155,155,142,119, 92, 67, 48,23, 9,19, 557,143,1728,157,"","","","",1136, 77,"","","","","",""
 40, 45, 60, 81,103,122,133,135,128,115,102, 92, 89, 94,107,124,141,154,157,148,130,105, 79, 57,23, 9,20, 640,135,1747,157,"","","","", 0 8, 40,1155, 89,"","","",""
 43, 40, 48, 64, 83,102,117,125,125,120,112,104,101,103,111,124,138,150,156,152,139,118, 94, 71,23, 9,21, 732,126,18 8,156,"","","","", 045, 40,1211,100,"","","",""
 53, 44, 44, 51, 65, 81, 96,108,115,116,115,112,111,112,117,125,135,145,152,152,144,130,110, 89,23, 9,22, 857,116,1833,153,"","","","", 132, 43,1211,111,"","","",""
 70, 56, 48, 47, 52, 62, 74, 86, 97,105,111,115,117,120,123,128,133,140,145,147,145,137,124,108,23, 9,23,19 3,147,"","","","","","", 239, 47,"","","","","",""
 92, 76, 62, 52, 48, 48, 54, 63, 75, 88,100,110,119,125,129,131,133,134,136,138,139,137,133,125,23, 9,24,20 3,139,"","","","","","", 423, 47,"","","","","",""
114,100, 85, 69, 55, 45, 41, 44, 52, 66, 83,100,115,127,134,135,133,129,126,125,126,129,132,134,23, 9,25,1450,135,2256,134,"","","","", 6 9, 41,19 1,125,"","","",""
132,124,112, 94, 74, 55, 41, 33, 35, 46, 63, 85,106,124,136,139,135,127,118,111,109,113,121,131,23, 9,26,1456,139,"","","","","","", 719, 33,1952,109,"","","",""
139,142,137,123,101, 76, 53, 36, 28, 32, 46, 69, 94,118,135,142,139,128,113, 99, 91, 91,100,115,23, 9,27, 053,142,1511,142,"","","","", 811, 28,2029, 90,"","","",""
133,146,152,147,130,105, 76, 51, 34, 29, 37, 57, 83,110,132,144,144,132,113, 92, 76, 69, 74, 90,23, 9,28, 2 2,152,1529,146,"","","","", 853, 29,21 6, 69,"","","",""
113,136,153,159,152,132,104, 75, 51, 37, 37, 51, 75,104,129,146,150,140,119, 93, 69, 53, 50, 62,23, 9,29, 258,159,1547,150,"","","","", 929, 36,2142, 50,"","","",""
 85,113,140,157,162,151,129,102, 74, 55, 47, 54, 73, 99,126,146,155,149,129,101, 71, 47, 35, 37,23, 9,30, 347,162,16 5,155,"","","","",10 2, 47,2219, 34,"","","",""
 55, 83,115,141,157,158,145,124, 98, 77, 64, 64, 76, 98,124,146,158,157,141,114, 82, 52, 30, 23,23,10, 1, 435,159,1624,159,"","","","",1030, 62,2256, 23,"","","",""
 32, 55, 85,116,139,151,149,136,117, 97, 82, 77, 84,100,123,144,159,163,152,129, 98, 66, 38, 22,23,10, 2, 522,152,1645,163,"","","","",1056, 77,2334, 19,"","","",""
 21, 34, 59, 88,115,134,142,138,126,111, 97, 90, 92,104,121,141,157,164,159,142,115, 84, 55, 32,23,10, 3, 6 8,142,17 7,164,"","","","",1118, 90,"","","","","",""
 22, 26, 42, 65, 91,112,126,131,127,118,108,101,100,107,120,136,151,160,160,149,129,102, 75, 51,23,10, 4, 657,131,1730,162,"","","","", 014, 22,1137,100,"","","",""
 35, 29, 36, 51, 71, 91,108,117,120,118,113,108,107,110,119,131,143,152,155,150,137,117, 94, 72,23,10, 5, 755,120,1754,156,"","","","", 057, 29,1150,107,"","","",""
 54, 43, 40, 46, 58, 73, 89,101,109,112,113,112,112,114,119,126,135,142,146,145,138,125,109, 91,23,10, 6, 934,113,1818,146,"","","","", 147, 40,1134,112,"","","",""
 75, 62, 53, 50, 54, 62, 73, 85, 95,103,109,112,115,117,120,123,127,131,134,135,132,126,117,106,23,10, 7,1843,135,"","","","","","", 255, 50,"","","","","",""
 94, 82, 71, 62, 57, 57, 62, 70, 81, 92,102,110,116,121,123,123,123,122,122,122,122,121,119,115,23,10, 8,1447,123,"","","","","","", 430, 56,"","","","","",""
109,101, 90, 78, 67, 59, 56, 59, 67, 79, 92,105,116,123,126,125,121,116,112,109,109,111,114,117,23,10, 9,1413,126,2350,118,"","","","", 6 0, 56,1936,109,"","","",""
118,116,108, 96, 81, 67, 56, 52, 56, 67, 82, 98,113,125,130,129,123,114,104, 98, 95, 98,104,113,23,10,10,1421,130,"","","","","","", 7 2, 52,20 0, 95,"","","",""
121,125,123,114, 98, 80, 63, 52, 50, 57, 71, 90,109,124,133,134,127,114,100, 88, 82, 82, 90,103,23,10,11, 113,125,1434,135,"","","","", 746, 50,2025, 81,"","","",""
117,128,133,129,116, 97, 76, 59, 50, 51, 63, 82,103,123,135,139,132,118, 99, 82, 70, 67, 74, 88,23,10,12, 2 3,133,1449,139,"","","","", 822, 49,2050, 67,"","","",""
107,125,137,140,131,114, 92, 71, 56, 51, 58, 75, 98,120,136,143,138,123,102, 80, 62, 54, 57, 70,23,10,13, 245,140,15 5,143,"","","","", 854, 51,2116, 53,"","","",""
 91,114,134,144,143,130,109, 87, 67, 57, 58, 72, 93,116,136,147,145,131,108, 82, 59, 44, 41, 52,23,10,14, 324,145,1522,147,"","","","", 923, 56,2143, 41,"","","",""
 72, 98,123,141,148,142,125,104, 83, 68, 64, 72, 90,113,135,149,151,139,117, 88, 61, 40, 30, 35,23,10,15, 4 1,148,1539,152,"","","","", 951, 64,2210, 30,"","","",""
 53, 79,107,131,145,147,137,119, 99, 82, 73, 75, 89,110,132,149,155,148,127, 99, 68, 41, 25, 23,23,10,16, 439,148,1558,155,"","","","",1017, 72,2239, 22,"","","",""
 35, 58, 87,114,135,144,142,130,113, 96, 85, 83, 91,108,129,147,157,154,138,111, 80, 50, 28, 18,23,10,17, 517,145,1618,157,"","","","",1042, 82,2311, 18,"","","",""
 23, 40, 66, 94,118,134,140,135,123,108, 97, 92, 96,108,126,143,156,158,147,124, 95, 64, 37, 21,23,10,18, 559,140,1640,158,"","","","",11 5, 92,2345, 17,"","","",""
 18, 27, 47, 72, 97,117,129,131,126,117,107,101,102,110,123,139,152,157,152,136,110, 81, 53, 32,23,10,19, 646,132,17 3,157,"","","","",1127,101,"","","","","",""
 22, 23, 34, 54, 76, 96,112,121,123,119,114,110,109,113,122,134,145,153,152,143,124, 99, 73, 51,23,10,20, 747,123,1729,154,"","","","", 025, 21,1144,108,"","","",""
 35, 28, 30, 41, 56, 74, 91,104,112,116,116,115,115,117,121,129,138,144,147,143,132,115, 94, 73,23,10,21, 939,116,1758,147,"","","","", 114, 27,1146,115,"","","",""
 55, 42, 36, 37, 44, 56, 70, 84, 96,106,113,117,119,121,122,125,129,133,136,137,133,124,111, 96,23,10,22,1837,137,"","","","","","", 221, 36,"","","","","",""
 80, 65, 52, 44, 42, 44, 52, 64, 78, 92,104,114,121,125,125,123,122,121,122,123,124,124,120,113,23,10,23,1334,125,2019,124,"","","","", 359, 42,17 5,121,"","","",""
103, 91, 76, 62, 51, 44, 43, 49, 61, 77, 94,109,121,128,129,124,117,110,105,104,107,112,118,121,23,10,24,1338,129,2323,121,"","","","", 537, 43,1848,104,"","","",""
120,115,103, 87, 70, 55, 45, 43, 49, 63, 82,102,119,130,133,128,117,103, 91, 84, 84, 91,102,115,23,10,25,1353,133,"","","","","","", 645, 43,1931, 83,"","","",""
126,130,126,114, 96, 76, 58, 48, 47, 56, 73, 95,115,131,138,135,122,102, 82, 67, 60, 64, 78, 97,23,10,26, 1 4,130,1411,138,"","","","", 736, 46,20 8, 60,"","","",""
117,133,140,136,122,101, 79, 62, 53, 55, 68, 89,112,132,143,143,130,108, 82, 58, 43, 39, 49, 70,23,10,27, 2 9,140,1429,144,"","","","", 818, 53,2045, 39,"","","",""
 96,121,139,146,141,125,103, 82, 67, 63, 70, 87,109,131,146,151,141,120, 90, 60, 35, 22, 24, 41,23,10,28, 3 3,146,1450,151,"","","","", 854, 63,2122, 21,"","","",""
 68, 99,126,144,149,141,124,103, 85, 75, 76, 88,107,129,148,156,152,134,105, 70, 39, 16,  8, 17,23,10,29, 352,149,1511,157,"","","","", 927, 74,2158,  8,"","","",""
 40, 71,103,129,145,147,137,121,103, 90, 85, 91,106,126,146,159,160,147,121, 87, 52, 23,  5,  4,23,10,30, 439,147,1535,161,"","","","", 957, 85,2235,  2,"","","",""
 18, 45, 77,108,130,142,141,131,116,103, 95, 96,106,123,142,156,162,156,136,106, 72, 39, 14,  3,23,10,31, 524,143,16 0,162,"","","","",1024, 94,2313,  3,"","","",""
  8, 26, 54, 84,110,128,135,132,123,112,103,101,106,119,135,150,160,159,146,122, 92, 60, 32, 14,23,11, 1, 610,135,1626,161,"","","","",1050,101,2351,  9,"","","",""
  9, 18, 37, 63, 89,111,124,127,124,117,109,105,107,115,127,141,152,155,149,133,109, 81, 54, 32,23,11, 2, 657,127,1654,155,"","","","",1116,105,"","","","","",""
 20, 20, 30, 49, 71, 93,109,118,120,117,112,109,108,112,120,131,141,147,146,136,119, 98, 74, 53,23,11, 3, 750,120,1722,147,"","","","", 032, 19,1142,108,"","","",""
 38, 31, 32, 43, 58, 76, 93,106,113,115,113,111,110,111,115,122,129,135,136,133,123,108, 91, 73,23,11, 4, 9 2,115,1752,136,"","","","", 118, 30,1212,110,"","","",""
 58, 47, 42, 44, 52, 64, 79, 92,103,110,113,113,113,112,113,115,118,122,124,123,120,112,102, 90,23,11, 5,1056,113,1824,124,"","","","", 213, 42,1313,112,"","","",""
 77, 65, 56, 51, 52, 58, 67, 80, 92,103,110,115,116,116,114,112,110,110,110,110,110,109,106,100,23,11, 6,1213,116,1934,110,"","","","", 326, 51,17 6,110,"","","",""
 93, 84, 74, 64, 58, 57, 61, 69, 81, 95,106,115,119,120,117,112,106,100, 97, 96, 97,100,103,105,23,11, 7,1243,120,2311,105,"","","","", 447, 57,1853, 96,"","","",""
104, 99, 91, 81, 70, 62, 59, 63, 72, 86,101,113,122,125,123,115,105, 94, 85, 81, 81, 86, 94,102,23,11, 8,13 5,125,"","","","","","", 556, 59,1925, 80,"","","",""
109,111,107, 98, 86, 73, 64, 62, 67, 79, 94,110,123,130,129,121,108, 92, 77, 67, 65, 69, 80, 94,23,11, 9, 053,111,1325,130,"","","","", 649, 61,1952, 64,"","","",""
107,117,119,114,103, 88, 74, 66, 66, 74, 89,107,123,133,135,128,113, 93, 73, 57, 49, 51, 62, 79,23,11,10, 152,119,1344,136,"","","","", 732, 65,2019, 49,"","","",""
 99,116,126,127,120,105, 89, 76, 70, 73, 85,103,121,135,141,136,121, 99, 74, 51, 37, 34, 42, 60,23,11,11, 238,128,14 4,141,"","","","", 810, 70,2047, 33,"","","",""
 84,107,125,134,133,122,105, 89, 78, 76, 84, 99,118,136,146,145,131,108, 79, 52, 30, 20, 23, 39,23,11,12, 320,135,1425,147,"","","","", 844, 76,2116, 20,"","","",""
 64, 92,117,134,140,134,121,104, 90, 83, 85, 97,115,134,148,151,142,121, 91, 59, 31, 13,  9, 19,23,11,13, 4 0,140,1448,151,"","","","", 916, 83,2147,  9,"","","",""
 42, 71,101,125,139,141,133,118,103, 93, 90, 97,112,130,147,155,151,134,106, 72, 39, 15,  2,  5,23,11,14, 441,141,1512,155,"","","","", 947, 90,2220,  1,"","","",""
 21, 48, 79,108,129,139,138,128,115,103, 97, 99,109,126,143,155,157,146,122, 90, 55, 25,  5, -1,23,11,15, 524,139,1539,158,"","","","",1017, 97,2256, -1,"","","",""
  7, 27, 56, 85,111,128,135,132,123,113,105,103,108,121,137,151,158,153,136,109, 76, 43, 17,  3,23,11,16, 610,135,16 8,158,"","","","",1046,102,2335,  0,"","","",""
  1, 13, 35, 62, 89,110,124,128,125,119,111,107,109,117,130,143,153,155,145,125, 97, 66, 38, 17,23,11,17, 7 3,128,1640,155,"","","","",1116,107,"","","","","",""
  7,  9, 22, 43, 66, 89,107,118,122,120,116,112,110,114,122,133,143,149,146,135,114, 89, 62, 39,23,11,18, 8 8,122,1715,149,"","","","", 020,  6,1150,110,"","","",""
 23, 16, 19, 31, 49, 69, 88,103,113,118,118,115,113,112,115,121,129,136,139,135,124,107, 86, 64,23,11,19, 930,118,1759,139,"","","","", 110, 16,1240,112,"","","",""
 46, 33, 27, 29, 39, 53, 71, 88,102,112,117,118,116,113,111,111,114,119,123,125,123,115,103, 88,23,11,20,1048,118,19 3,125,"","","","", 211, 27,1421,111,"","","",""
 72, 57, 45, 39, 40, 46, 59, 74, 90,104,114,119,120,116,110,105,101,100,102,106,111,112,110,104,23,11,21,1137,120,21 0,112,"","","","", 325, 39,1645,100,"","","",""
 95, 82, 69, 58, 51, 49, 54, 65, 80, 96,110,120,124,122,114,103, 92, 84, 81, 82, 89, 97,105,109,23,11,22,12 9,124,2330,110,"","","","", 443, 49,1810, 80,"","","",""
109,104, 94, 82, 70, 61, 59, 64, 75, 90,107,120,128,129,122,108, 91, 74, 63, 58, 62, 73, 87,102,23,11,23,1236,130,"","","","","","", 551, 59,19 2, 58,"","","",""
112,117,115,106, 93, 80, 71, 69, 75, 87,104,120,132,137,132,118, 97, 74, 53, 40, 37, 45, 62, 83,23,11,24, 111,117,13 3,137,"","","","", 647, 69,1945, 37,"","","",""
103,118,126,124,115,101, 88, 80, 80, 87,101,118,133,143,142,131,110, 82, 54, 32, 20, 21, 34, 57,23,11,25, 219,126,1330,144,"","","","", 734, 79,2026, 18,"","","",""
 83,107,125,133,130,120,106, 94, 88, 90,100,115,132,145,150,144,125, 98, 65, 35, 13,  5, 11, 30,23,11,26, 314,133,1358,150,"","","","", 816, 88,21 5,  5,"","","",""
 58, 88,114,131,137,133,122,109, 99, 95,100,112,128,144,154,153,140,115, 83, 48, 19,  0, -3,  9,23,11,27, 4 3,137,1428,155,"","","","", 855, 95,2143, -4,"","","",""
 33, 64, 95,119,134,137,131,120,108,101,101,109,122,139,152,157,151,132,103, 68, 34,  8, -5, -3,23,11,28, 448,137,15 0,157,"","","","", 932,100,2221, -6,"","","",""
 14, 41, 73,102,123,134,134,127,116,107,103,106,116,131,145,155,156,144,120, 89, 55, 25,  3, -4,23,11,29, 531,135,1532,157,"","","","",10 7,103,2259, -4,"","","",""
  4, 24, 52, 82,107,124,131,128,121,111,105,104,109,121,136,148,154,149,133,108, 77, 46, 20,  5,23,11,30, 612,131,16 6,154,"","","","",1041,103,2338,  2,"","","",""
  3, 15, 37, 64, 90,111,123,126,122,114,107,103,104,112,124,137,146,147,139,121, 95, 67, 41, 21,23,12, 1, 652,126,1640,148,"","","","",1116,103,"","","","","",""
 11, 14, 28, 50, 74, 96,112,120,121,116,109,104,102,105,114,124,134,139,137,126,108, 85, 61, 40,23,12, 2, 734,121,1714,140,"","","","", 016, 11,1154,102,"","","",""
 26, 21, 27, 42, 61, 82,100,112,118,117,112,106,102,101,105,112,121,127,129,125,114, 97, 78, 59,23,12, 3, 818,118,1751,129,"","","","", 056, 21,1240,101,"","","",""
 43, 34, 33, 40, 54, 71, 89,104,113,116,115,110,105,101,100,103,107,113,117,117,112,103, 90, 75,23,12, 4, 9 5,116,1834,117,"","","","", 138, 32,1346,100,"","","",""
 61, 50, 44, 45, 52, 64, 80, 95,108,115,117,114,110,104, 99, 96, 96, 98,101,104,104,102, 96, 87,23,12, 5, 954,117,1942,105,"","","","", 226, 43,1530, 96,"","","",""
 77, 67, 59, 55, 56, 62, 74, 88,101,112,118,119,115,109,101, 94, 88, 85, 85, 88, 91, 94, 96, 94,23,12, 6,1040,119,2158, 96,"","","","", 321, 55,1726, 85,"","","",""
 90, 84, 76, 69, 65, 66, 72, 82, 96,108,118,123,122,116,106, 95, 84, 75, 70, 70, 75, 81, 89, 95,23,12, 7,1120,123,"","","","","","", 425, 65,1829, 70,"","","",""
 98, 97, 93, 86, 79, 74, 74, 80, 91,104,116,125,127,124,114,100, 84, 69, 58, 54, 56, 64, 76, 89,23,12, 8, 021, 98,1156,127,"","","","", 529, 74,19 9, 54,"","","",""
 99,106,107,103, 95, 87, 82, 82, 89,100,114,125,132,132,123,108, 89, 68, 50, 39, 37, 44, 58, 76,23,12, 9, 141,107,1228,133,"","","","", 627, 81,1944, 37,"","","",""
 94,108,116,117,112,102, 93, 89, 90, 98,110,124,134,138,134,120, 98, 73, 49, 30, 22, 24, 36, 57,23,12,10, 237,118,13 0,138,"","","","", 718, 88,2018, 21,"","","",""
 80,102,118,126,125,117,107, 98, 94, 97,107,121,134,143,143,132,112, 84, 55, 29, 12,  7, 15, 34,23,12,11, 323,126,1332,144,"","","","", 8 4, 94,2053,  7,"","","",""
 59, 87,111,126,133,129,120,109,101, 99,105,116,131,144,150,145,128,101, 69, 37, 12, -2, -2, 11,23,12,12, 4 7,133,14 5,150,"","","","", 846, 99,2131, -4,"","","",""
 35, 65, 94,118,132,135,130,120,109,103,104,112,126,141,152,154,143,121, 89, 54, 22, -1,-11, -6,23,12,13, 451,135,1440,154,"","","","", 926,103,2211,-11,"","","",""
 12, 40, 71,100,122,133,134,127,117,108,105,108,119,134,148,157,154,139,112, 77, 42, 12, -8,-13,23,12,14, 536,135,1518,157,"","","","",10 4,105,2252,-14,"","","",""
 -4, 17, 47, 78,104,123,131,130,123,114,107,105,111,124,139,152,157,150,131,102, 67, 34,  7, -8,23,12,15, 622,132,1558,157,"","","","",1042,105,2336,-11,"","","",""
-10,  3, 26, 55, 83,107,122,127,125,118,109,104,105,113,126,140,151,152,143,122, 93, 61, 31,  8,23,12,16, 7 9,128,1640,153,"","","","",1124,103,"","","","","",""
 -3,  0, 14, 37, 63, 89,109,120,124,120,112,105,100,103,111,123,136,144,143,133,112, 86, 58, 33,23,12,17, 755,124,1728,145,"","","","", 020, -3,1212,100,"","","",""
 15,  9, 13, 28, 49, 73, 95,111,120,121,115,107,100, 96, 98,105,116,126,132,131,121,104, 82, 60,23,12,18, 837,121,1822,133,"","","","", 1 5,  9,1311, 96,"","","",""
 40, 28, 24, 30, 44, 63, 84,102,115,120,119,112,103, 94, 89, 89, 94,103,111,117,117,111, 98, 82,23,12,19, 916,120,1931,118,"","","","", 151, 24,1427, 88,"","","",""
 66, 52, 43, 42, 48, 61, 78, 96,111,120,122,118,109, 98, 87, 79, 76, 79, 86, 94,101,105,103, 96,23,12,20, 952,122,21 9,105,"","","","", 240, 41,1558, 76,"","","",""
 87, 76, 66, 60, 60, 66, 77, 92,107,119,125,125,118,107, 92, 77, 66, 60, 61, 67, 77, 87, 95, 99,23,12,21,1028,126,2326,100,"","","","", 332, 59,1723, 60,"","","",""
 99, 95, 88, 81, 77, 77, 82, 92,105,117,127,131,128,119,103, 85, 66, 51, 43, 43, 51, 63, 78, 91,23,12,22,11 6,131,"","","","","","", 431, 76,1830, 42,"","","",""
100,105,105,101, 95, 91, 90, 95,103,115,126,134,136,131,118, 98, 75, 52, 35, 26, 27, 37, 54, 74,23,12,23, 127,106,1148,136,"","","","", 536, 90,1923, 25,"","","",""
 92,106,114,115,111,105,100,100,103,112,123,133,140,140,132,115, 91, 64, 38, 20, 12, 16, 30, 51,23,12,24, 244,115,1233,141,"","","","", 643, 99,2011, 12,"","","",""
 75, 97,113,122,123,118,111,106,105,108,117,128,139,145,143,131,110, 82, 51, 25,  7,  2, 10, 28,23,12,25, 337,123,1319,145,"","","","", 745,104,2054,  2,"","","",""
 54, 81,105,121,128,127,120,112,107,106,111,121,133,144,148,144,128,103, 71, 39, 13, -1, -3, 10,23,12,26, 420,128,14 3,148,"","","","", 839,106,2135, -4,"","","",""
 33, 62, 90,112,126,130,126,118,110,104,105,112,124,137,147,150,141,121, 93, 60, 28,  5, -6, -2,23,12,27, 458,130,1445,150,"","","","", 925,104,2214, -6,"","","",""
 15, 42, 72, 99,119,129,129,122,113,104,101,104,113,127,140,149,148,135,112, 81, 48, 20,  1, -4,23,12,28, 531,130,1525,150,"","","","",10 6,101,2252, -5,"","","",""
  5, 26, 54, 83,107,123,128,124,116,106, 98, 97,103,115,130,142,148,143,126,100, 69, 39, 14,  1,23,12,29, 6 3,128,16 3,148,"","","","",1042, 96,2327,  0,"","","",""
  2, 16, 40, 68, 94,114,124,125,118,108, 98, 93, 94,103,117,131,141,142,133,114, 88, 59, 32, 13,23,12,30, 633,125,1640,143,"","","","",1118, 92,2356,  7,"","","",""
  7, 13, 31, 55, 81,104,118,123,119,110,100, 91, 88, 93,103,117,129,136,133,122,101, 76, 51, 30,23,12,31, 7 2,123,1717,136,"","","","",1155, 88,"","","","","",""
